00030ddd-c918-43a3-aecb-7c38d310f8ce,SHOT_RENDER,1,USD,CREDITS,1,system,proj_ed5aeca0768441dcbc193c699a28f69c
0167f479-5d32-4669-af9d-458be09dd799,SHOT_RENDER,1,USD,CREDITS,1,system,proj_ed5aeca0768441dcbc193c699a28f69c
021ccde1-4e54-453a-b874-74f551b4beba,SHOT_RENDER,1,USD,CREDITS,1,system,proj_ed5aeca0768441dcbc193c699a28f69c
0264655a-54ee-4c85-bea2-f178fa0ef780,SHOT_RENDER,1,USD,CREDITS,1,system,proj_ed5aeca0768441dcbc193c699a28f69c
033633a6-2580-45b2-83dd-ae0e6f0f7ace,SHOT_RENDER,1,USD,CREDITS,1,system,proj_ed5aeca0768441dcbc193c699a28f69c
0467e7ef-a6ec-4755-8917-3c13dac8c16c,SHOT_RENDER,1,USD,CREDITS,1,system,proj_ed5aeca0768441dcbc193c699a28f69c
047b82fe-68bb-4665-807b-023a7cfba78e,SHOT_RENDER,1,USD,CREDITS,1,system,proj_ed5aeca0768441dcbc193c699a28f69c
04e83487-51d6-4d0c-a3d8-d2b0612be8d5,SHOT_RENDER,1,USD,CREDITS,1,system,proj_ed5aeca0768441dcbc193c699a28f69c
075411ef-2519-46f9-a810-d55d8e2fd178,SHOT_RENDER,1,USD,CREDITS,1,system,proj_ed5aeca0768441dcbc193c699a28f69c
076feb85-32ed-4f33-b9b2-c6d37aa3f6d6,SHOT_RENDER,1,USD,CREDITS,1,system,proj_ed5aeca0768441dcbc193c699a28f69c
07b02c91-a034-41d3-97ef-198ef3c60c00,SHOT_RENDER,1,USD,CREDITS,1,system,proj_ed5aeca0768441dcbc193c699a28f69c
08edfe2c-db26-4ec3-bd62-f89f4cfa2b4d,SHOT_RENDER,1,USD,CREDITS,1,system,proj_ed5aeca0768441dcbc193c699a28f69c
09540b54-71ae-49ae-adf6-eca27f3cb870,SHOT_RENDER,1,USD,CREDITS,1,system,proj_ed5aeca0768441dcbc193c699a28f69c
09ec1864-d3c6-4ad7-bf2a-5cefcc8418d3,SHOT_RENDER,1,USD,CREDITS,1,system,proj_ed5aeca0768441dcbc193c699a28f69c
0a2f85d1-29cb-4f00-8a39-89557f0c18be,SHOT_RENDER,1,USD,CREDITS,1,system,proj_ed5aeca0768441dcbc193c699a28f69c
0a5eb73c-c014-45f1-8281-4a2ece065db6,SHOT_RENDER,1,USD,CREDITS,1,system,proj_ed5aeca0768441dcbc193c699a28f69c
0aceccdf-34c1-4e8d-adae-aba85d54ebb9,SHOT_RENDER,1,USD,CREDITS,1,system,proj_ed5aeca0768441dcbc193c699a28f69c
0ae098d9-51fc-4b3d-a390-5f18b9f005ac,SHOT_RENDER,1,USD,CREDITS,1,system,proj_ed5aeca0768441dcbc193c699a28f69c
0bc4b5de-7363-47c7-a40c-de316111b5ea,SHOT_RENDER,1,USD,CREDITS,1,system,proj_ed5aeca0768441dcbc193c699a28f69c
0c76ef73-c1fc-450b-986b-9e66f8204041,SHOT_RENDER,1,USD,CREDITS,1,system,proj_ed5aeca0768441dcbc193c699a28f69c
0c778e77-e9c3-41c7-8dd9-987d2d073868,SHOT_RENDER,1,USD,CREDITS,1,system,proj_ed5aeca0768441dcbc193c699a28f69c
0c9afaf5-ac69-4253-ade8-aac8d31d2607,SHOT_RENDER,1,USD,CREDITS,1,system,proj_ed5aeca0768441dcbc193c699a28f69c
0db60a34-189d-435f-a6c5-fbf0736cc292,SHOT_RENDER,1,USD,CREDITS,1,system,proj_ed5aeca0768441dcbc193c699a28f69c
0dc12465-ecaf-4af5-aa1b-2f4beb6f6418,SHOT_RENDER,1,USD,CREDITS,1,system,proj_ed5aeca0768441dcbc193c699a28f69c
0ed6a220-f65a-460a-9644-783074bf2f5c,SHOT_RENDER,1,USD,CREDITS,1,system,proj_ed5aeca0768441dcbc193c699a28f69c
0f7b0e72-3c0b-4006-9433-b558660a31d7,SHOT_RENDER,1,USD,CREDITS,1,system,proj_ed5aeca0768441dcbc193c699a28f69c
0fb4b938-bb7a-4d8b-87de-8b99f68f58db,SHOT_RENDER,1,USD,CREDITS,1,system,proj_ed5aeca0768441dcbc193c699a28f69c
105935aa-59f8-4961-b285-0c06136d595e,SHOT_RENDER,1,USD,CREDITS,1,system,proj_ed5aeca0768441dcbc193c699a28f69c
106838de-aeeb-4649-ac9e-dd9aecb6d720,SHOT_RENDER,1,USD,CREDITS,1,system,proj_ed5aeca0768441dcbc193c699a28f69c
114d8012-8f63-4c50-ae2b-8448b9d32471,SHOT_RENDER,1,USD,CREDITS,1,system,proj_ed5aeca0768441dcbc193c699a28f69c
11b1d43b-ae13-44ba-b071-dbeddb05f2e3,SHOT_RENDER,1,USD,CREDITS,1,system,proj_ed5aeca0768441dcbc193c699a28f69c
11ebca2e-4003-499d-bec0-b1fc0f6dbe18,SHOT_RENDER,1,USD,CREDITS,1,system,proj_ed5aeca0768441dcbc193c699a28f69c
13af1254-ca8f-419d-858d-62c4c43b1085,SHOT_RENDER,1,USD,CREDITS,1,system,proj_ed5aeca0768441dcbc193c699a28f69c
13f6b045-bb99-4eb2-ba80-41581be15cba,SHOT_RENDER,1,USD,CREDITS,1,system,proj_ed5aeca0768441dcbc193c699a28f69c
1431ca0a-6c34-46ce-a275-fa5c3de8e71d,SHOT_RENDER,1,USD,CREDITS,1,system,proj_ed5aeca0768441dcbc193c699a28f69c
1463160b-c838-4ff4-afdc-8fb97b0136a0,SHOT_RENDER,1,USD,CREDITS,1,system,proj_ed5aeca0768441dcbc193c699a28f69c
14b5fcc0-bb3e-4649-9028-99bfa0865b08,SHOT_RENDER,1,USD,CREDITS,1,system,proj_ed5aeca0768441dcbc193c699a28f69c
14c0b88c-1576-4972-8a7e-a5393c110497,SHOT_RENDER,1,USD,CREDITS,1,system,proj_ed5aeca0768441dcbc193c699a28f69c
14d6e23c-174b-4c0a-9227-b46bd84b43ff,SHOT_RENDER,1,USD,CREDITS,1,system,proj_ed5aeca0768441dcbc193c699a28f69c
151d4aa7-08f5-4bb3-9c85-720577d13c5b,SHOT_RENDER,1,USD,CREDITS,1,system,proj_ed5aeca0768441dcbc193c699a28f69c
15ed969c-44d5-4910-8770-3a5ecfe61e98,SHOT_RENDER,1,USD,CREDITS,1,system,proj_ed5aeca0768441dcbc193c699a28f69c
16607c70-535a-4245-a4f0-e61645b3a7a4,SHOT_RENDER,1,USD,CREDITS,1,system,proj_ed5aeca0768441dcbc193c699a28f69c
167f6ce2-311d-4cd6-8f67-ed44abba4c18,SHOT_RENDER,1,USD,CREDITS,1,system,proj_ed5aeca0768441dcbc193c699a28f69c
16b96076-d08c-4fc0-bba0-8b335be52f13,SHOT_RENDER,1,USD,CREDITS,1,system,proj_ed5aeca0768441dcbc193c699a28f69c
16be1a04-3978-4653-b61a-f8318b6da016,SHOT_RENDER,1,USD,CREDITS,1,system,proj_ed5aeca0768441dcbc193c699a28f69c
179b94f5-430b-4160-b8a4-62fb32f09984,SHOT_RENDER,1,USD,CREDITS,1,system,proj_ed5aeca0768441dcbc193c699a28f69c
18229ce4-ad83-47c2-80db-0585253b7578,SHOT_RENDER,1,USD,CREDITS,1,system,proj_ed5aeca0768441dcbc193c699a28f69c
187f00a5-00eb-4c63-be45-ca820632a582,SHOT_RENDER,1,USD,CREDITS,1,system,proj_ed5aeca0768441dcbc193c699a28f69c
1893b3e9-db1f-4607-887a-69f1ec4096f8,SHOT_RENDER,1,USD,CREDITS,1,system,proj_ed5aeca0768441dcbc193c699a28f69c
18a92c50-d9d7-44ea-9dab-2bfc20a53c4a,SHOT_RENDER,1,USD,CREDITS,1,system,proj_ed5aeca0768441dcbc193c699a28f69c
19533a4c-b9a0-427f-9d34-b0acc450d46d,SHOT_RENDER,1,USD,CREDITS,1,system,proj_ed5aeca0768441dcbc193c699a28f69c
196e06dc-af8a-408e-8df2-592f58868084,SHOT_RENDER,1,USD,CREDITS,1,system,proj_ed5aeca0768441dcbc193c699a28f69c
19b1cd67-f2ab-4adc-ae46-9d8b640f4e42,SHOT_RENDER,1,USD,CREDITS,1,system,proj_ed5aeca0768441dcbc193c699a28f69c
1a3500a5-46cf-41a1-9490-5d4692b8a3c6,SHOT_RENDER,1,USD,CREDITS,1,system,proj_ed5aeca0768441dcbc193c699a28f69c
1a5259b5-19ff-463c-90a3-28a48f965508,SHOT_RENDER,1,USD,CREDITS,1,system,proj_ed5aeca0768441dcbc193c699a28f69c
1a9f0db2-520a-4041-8c96-8fbd2bc3ed7c,SHOT_RENDER,1,USD,CREDITS,1,system,proj_ed5aeca0768441dcbc193c699a28f69c
1abc8419-5ec2-4d58-997c-bcb236a9b56d,SHOT_RENDER,1,USD,CREDITS,1,system,proj_ed5aeca0768441dcbc193c699a28f69c
1abdbe99-ab6e-4e15-9e95-1c44bf05e301,SHOT_RENDER,1,USD,CREDITS,1,system,proj_ed5aeca0768441dcbc193c699a28f69c
1b1dccce-6b14-4546-b711-d027fa52e5e1,SHOT_RENDER,1,USD,CREDITS,1,system,proj_ed5aeca0768441dcbc193c699a28f69c
1c20d733-b152-49f6-9bcc-6146e6021b17,SHOT_RENDER,1,USD,CREDITS,1,system,proj_ed5aeca0768441dcbc193c699a28f69c
1d5531d1-e8c5-484d-91aa-4cb3f2f17512,SHOT_RENDER,1,USD,CREDITS,1,system,proj_ed5aeca0768441dcbc193c699a28f69c
1d7d38f0-ffa3-4389-9c97-670e2eb63869,SHOT_RENDER,1,USD,CREDITS,1,system,proj_ed5aeca0768441dcbc193c699a28f69c
1db07e8d-5cbf-4161-b0a7-45625a74f3d0,SHOT_RENDER,1,USD,CREDITS,1,system,proj_ed5aeca0768441dcbc193c699a28f69c
1eaea16e-de76-44a7-bb14-c1d38d840abf,SHOT_RENDER,1,USD,CREDITS,1,system,proj_ed5aeca0768441dcbc193c699a28f69c
1f57d2f7-3521-4858-ae90-1b576bac07bf,SHOT_RENDER,1,USD,CREDITS,1,system,proj_ed5aeca0768441dcbc193c699a28f69c
1fee6294-9b56-4cd7-b74b-a9e6ccee2dc4,SHOT_RENDER,1,USD,CREDITS,1,system,proj_ed5aeca0768441dcbc193c699a28f69c
20508905-0b24-40f7-b861-fa8d84b2a25f,SHOT_RENDER,1,USD,CREDITS,1,system,proj_ed5aeca0768441dcbc193c699a28f69c
20989a02-546b-4eca-891e-2678dd6bc9d1,SHOT_RENDER,1,USD,CREDITS,1,system,proj_ed5aeca0768441dcbc193c699a28f69c
20a56f90-43f1-4364-848b-2bed207a68c6,SHOT_RENDER,1,USD,CREDITS,1,system,proj_ed5aeca0768441dcbc193c699a28f69c
20dab783-a416-4c82-88dd-3703bfe0bece,SHOT_RENDER,1,USD,CREDITS,1,system,proj_ed5aeca0768441dcbc193c699a28f69c
20fbbdce-28a3-4f1e-89c2-96e614ec776c,SHOT_RENDER,1,USD,CREDITS,1,system,proj_ed5aeca0768441dcbc193c699a28f69c
21eb9592-c27f-47fd-bec5-8d0ea9238b6b,SHOT_RENDER,1,USD,CREDITS,1,system,proj_ed5aeca0768441dcbc193c699a28f69c
234f3e3c-0a75-4c3f-8dbc-e9bcc86840e9,SHOT_RENDER,1,USD,CREDITS,1,system,proj_ed5aeca0768441dcbc193c699a28f69c
239703ff-1053-4087-a19f-70c11a677489,SHOT_RENDER,1,USD,CREDITS,1,system,proj_ed5aeca0768441dcbc193c699a28f69c
24a8b93d-b98f-4e5a-9a86-dc5e261e319b,SHOT_RENDER,1,USD,CREDITS,1,system,proj_ed5aeca0768441dcbc193c699a28f69c
251096d0-a0b2-4cfa-8b86-c9f1eb2b9ec1,SHOT_RENDER,1,USD,CREDITS,1,system,proj_ed5aeca0768441dcbc193c699a28f69c
257fbc44-99d4-4b93-8147-136202aebc80,SHOT_RENDER,1,USD,CREDITS,1,system,proj_ed5aeca0768441dcbc193c699a28f69c
2603e690-28bc-4d6f-9f83-4805e6b9ddf7,SHOT_RENDER,1,USD,CREDITS,1,system,proj_ed5aeca0768441dcbc193c699a28f69c
26e7c6fb-ef9d-47d0-9d05-2635c8909e08,SHOT_RENDER,1,USD,CREDITS,1,system,proj_4523de8afaf94800b31bba4bf6d23469
26e9bb9b-9ca8-4f24-a939-0b9c7bf195e8,SHOT_RENDER,1,USD,CREDITS,1,system,proj_ed5aeca0768441dcbc193c699a28f69c
27949ea5-a125-43fb-af58-81a99da9049f,SHOT_RENDER,1,USD,CREDITS,1,system,proj_ed5aeca0768441dcbc193c699a28f69c
27e17b1d-1a6e-4419-9524-227e5c80ea90,SHOT_RENDER,1,USD,CREDITS,1,system,proj_ed5aeca0768441dcbc193c699a28f69c
27e289a8-3cc6-4845-a64c-c81e64a3515e,SHOT_RENDER,1,USD,CREDITS,1,system,proj_ed5aeca0768441dcbc193c699a28f69c
27f4c2e4-bc45-42ff-a3aa-5d7f8ff2b7c2,SHOT_RENDER,1,USD,CREDITS,1,system,proj_ed5aeca0768441dcbc193c699a28f69c
2993db2e-d8ac-4131-a69d-44de0cde7603,SHOT_RENDER,1,USD,CREDITS,1,system,proj_ed5aeca0768441dcbc193c699a28f69c
2aba193b-872e-4e2a-9e03-76ad2d11b378,SHOT_RENDER,1,USD,CREDITS,1,system,proj_ed5aeca0768441dcbc193c699a28f69c
2b0733f7-b560-4a05-bb30-d75db2df85f6,SHOT_RENDER,1,USD,CREDITS,1,system,proj_ed5aeca0768441dcbc193c699a28f69c
2b113c9c-a35a-4d8a-a9c0-020dce1d8b89,SHOT_RENDER,1,USD,CREDITS,1,system,proj_ed5aeca0768441dcbc193c699a28f69c
2bf81359-3d60-4fd1-a998-9981a73f744f,SHOT_RENDER,1,USD,CREDITS,1,system,proj_ed5aeca0768441dcbc193c699a28f69c
2c0d07c2-336c-4265-be08-8fc491011c1f,SHOT_RENDER,1,USD,CREDITS,1,system,proj_ed5aeca0768441dcbc193c699a28f69c
2c8bed51-b884-4b84-b9f7-f6c1c19a454e,SHOT_RENDER,1,USD,CREDITS,1,system,proj_7db43f76ee9f439c82450fe4466f969f
2dd85734-c03c-45f5-b68b-71a17d84a120,SHOT_RENDER,1,USD,CREDITS,1,system,proj_ed5aeca0768441dcbc193c699a28f69c
2dff14ed-0b73-4fa5-aa68-3a41255150cc,SHOT_RENDER,1,USD,CREDITS,1,system,proj_ed5aeca0768441dcbc193c699a28f69c
2f296424-db31-46b5-9e76-b275690c1fa5,SHOT_RENDER,1,USD,CREDITS,1,system,proj_ed5aeca0768441dcbc193c699a28f69c
2f8da709-51d5-42cb-a631-91f4c5ae9d76,SHOT_RENDER,1,USD,CREDITS,1,system,proj_ed5aeca0768441dcbc193c699a28f69c
2fb5104e-4ac4-41c9-89cd-722ed50de2f8,SHOT_RENDER,1,USD,CREDITS,1,system,proj_ed5aeca0768441dcbc193c699a28f69c
300f22d4-acc3-4704-b04f-1265ee6a94c1,SHOT_RENDER,1,USD,CREDITS,1,system,proj_ed5aeca0768441dcbc193c699a28f69c
302b5f02-b199-4efa-8f56-e9c2d1e0003d,SHOT_RENDER,1,USD,CREDITS,1,system,proj_ed5aeca0768441dcbc193c699a28f69c
30aa4c65-2eb0-4152-9778-300799302a40,SHOT_RENDER,1,USD,CREDITS,1,system,proj_ed5aeca0768441dcbc193c699a28f69c
311cae0b-9959-4f2c-bfe3-65058a457d41,SHOT_RENDER,1,USD,CREDITS,1,system,proj_ed5aeca0768441dcbc193c699a28f69c
313f2abb-bfbc-4b00-906c-2ca8ee1619ba,SHOT_RENDER,1,USD,CREDITS,1,system,proj_ed5aeca0768441dcbc193c699a28f69c
316a0fa0-562e-4e3f-a1f3-f6b74b001e9c,SHOT_RENDER,1,USD,CREDITS,1,system,proj_ed5aeca0768441dcbc193c699a28f69c
318d2d9d-7ddc-489f-b35f-ef4f495c16ce,SHOT_RENDER,1,USD,CREDITS,1,system,proj_ed5aeca0768441dcbc193c699a28f69c
324754e8-5d8e-4115-a4d6-0bcae94050cc,SHOT_RENDER,1,USD,CREDITS,1,system,proj_ed5aeca0768441dcbc193c699a28f69c
32a12395-6ef0-49f0-902c-8749e5acb725,SHOT_RENDER,1,USD,CREDITS,1,system,proj_ed5aeca0768441dcbc193c699a28f69c
32eec243-c0de-441f-89aa-6fd0ef39d20a,SHOT_RENDER,1,USD,CREDITS,1,system,proj_ed5aeca0768441dcbc193c699a28f69c
3459a5bf-c93d-4211-8f99-b1b87c5e4424,SHOT_RENDER,1,USD,CREDITS,1,system,proj_ed5aeca0768441dcbc193c699a28f69c
34dcd02c-eb97-40ce-9e7e-74f2d3bad34c,SHOT_RENDER,1,USD,CREDITS,1,system,proj_ed5aeca0768441dcbc193c699a28f69c
350c73ef-c4bb-4df6-86ae-ca3cb0000289,SHOT_RENDER,1,USD,CREDITS,1,system,proj_ed5aeca0768441dcbc193c699a28f69c
35eed5a7-924c-4d4c-a030-802e871d6199,SHOT_RENDER,1,USD,CREDITS,1,system,proj_ed5aeca0768441dcbc193c699a28f69c
37077ccf-4b9f-46d4-a65c-188e489a8148,SHOT_RENDER,1,USD,CREDITS,1,system,proj_ed5aeca0768441dcbc193c699a28f69c
37a34c5d-d45e-407a-b91c-874cd928e599,SHOT_RENDER,1,USD,CREDITS,1,system,proj_ed5aeca0768441dcbc193c699a28f69c
387f4387-21b0-4be7-b597-f6f891ded51d,SHOT_RENDER,1,USD,CREDITS,1,system,proj_ed5aeca0768441dcbc193c699a28f69c
388beb7e-c7e3-4072-b08c-776f7952e0ec,SHOT_RENDER,1,USD,CREDITS,1,system,proj_ed5aeca0768441dcbc193c699a28f69c
38c0cd6e-3efb-46c7-807b-2f7ef8e0a667,SHOT_RENDER,1,USD,CREDITS,1,system,proj_ed5aeca0768441dcbc193c699a28f69c
39187547-bf28-45b7-8de4-79833fa9bd0b,SHOT_RENDER,1,USD,CREDITS,1,system,proj_ed5aeca0768441dcbc193c699a28f69c
39f248bb-de25-40a7-b7e1-31c22b3722c8,SHOT_RENDER,1,USD,CREDITS,1,system,proj_ed5aeca0768441dcbc193c699a28f69c
3a2fca78-d5e2-4b07-a5f7-8867a0651b3f,SHOT_RENDER,1,USD,CREDITS,1,system,proj_ed5aeca0768441dcbc193c699a28f69c
3a336c2a-d194-40e2-bc7f-c15ece79eafe,SHOT_RENDER,1,USD,CREDITS,1,system,proj_ed5aeca0768441dcbc193c699a28f69c
3a6925d2-dc7b-448c-8ce9-7cc34af541eb,SHOT_RENDER,1,USD,CREDITS,1,system,proj_ed5aeca0768441dcbc193c699a28f69c
3ae80bc2-3c1b-401c-be25-3ff452b3c110,SHOT_RENDER,1,USD,CREDITS,1,system,proj_ed5aeca0768441dcbc193c699a28f69c
3af10409-b571-4f0c-9096-3a908112edda,SHOT_RENDER,1,USD,CREDITS,1,system,proj_ed5aeca0768441dcbc193c699a28f69c
3b87e0fb-49c0-4eaa-a54e-28783c81d1d7,SHOT_RENDER,1,USD,CREDITS,1,system,proj_ed5aeca0768441dcbc193c699a28f69c
3bce99d2-f44c-4a9c-89e2-c9b30a79fe5e,SHOT_RENDER,1,USD,CREDITS,1,system,proj_ed5aeca0768441dcbc193c699a28f69c
3be5b354-2c61-49c5-972e-e4611f8dc8ef,SHOT_RENDER,1,USD,CREDITS,1,system,proj_ed5aeca0768441dcbc193c699a28f69c
3c5f58a4-3395-4b5a-aa09-4213506e9ff3,SHOT_RENDER,1,USD,CREDITS,1,system,proj_ed5aeca0768441dcbc193c699a28f69c
3c915343-fdef-4371-9003-6be518753b8f,SHOT_RENDER,1,USD,CREDITS,1,system,proj_ed5aeca0768441dcbc193c699a28f69c
3c99fbe5-8d8a-4ec8-a10a-04658df64871,SHOT_RENDER,1,USD,CREDITS,1,system,proj_ed5aeca0768441dcbc193c699a28f69c
3d8f34d7-8c62-4417-9eb5-d3c1525d91a8,SHOT_RENDER,1,USD,CREDITS,1,system,proj_ed5aeca0768441dcbc193c699a28f69c
3e1de36b-01ca-4749-ab31-f55e5c604494,SHOT_RENDER,1,USD,CREDITS,1,system,proj_ed5aeca0768441dcbc193c699a28f69c
3e994a3f-6a66-4a13-b89b-a95c367c053c,SHOT_RENDER,1,USD,CREDITS,1,system,proj_ed5aeca0768441dcbc193c699a28f69c
3fb02576-57b2-4dca-9a31-2a2132f7521d,SHOT_RENDER,1,USD,CREDITS,1,system,proj_ed5aeca0768441dcbc193c699a28f69c
400252a3-cd73-4564-a5b0-7a69909568e5,SHOT_RENDER,1,USD,CREDITS,1,system,proj_ed5aeca0768441dcbc193c699a28f69c
40556d48-a2e0-49dc-8eb5-3c874b853628,SHOT_RENDER,1,USD,CREDITS,1,system,proj_ed5aeca0768441dcbc193c699a28f69c
40671d05-1412-4ce3-9e18-de859bc02287,SHOT_RENDER,1,USD,CREDITS,1,system,proj_ed5aeca0768441dcbc193c699a28f69c
406dedba-9405-46de-9654-09b9b63adf9f,SHOT_RENDER,1,USD,CREDITS,1,system,proj_ed5aeca0768441dcbc193c699a28f69c
40f8070f-fe49-479e-aa45-83a785498029,SHOT_RENDER,1,USD,CREDITS,1,system,proj_ed5aeca0768441dcbc193c699a28f69c
417aeb8f-3543-4d01-aff7-802063db1b43,SHOT_RENDER,1,USD,CREDITS,1,system,proj_ed5aeca0768441dcbc193c699a28f69c
42a2b18c-35dc-4df8-b0f6-f91c4985da43,SHOT_RENDER,1,USD,CREDITS,1,system,proj_ed5aeca0768441dcbc193c699a28f69c
4405ce73-b48e-497f-9681-88052bfbf530,SHOT_RENDER,1,USD,CREDITS,1,system,proj_ed5aeca0768441dcbc193c699a28f69c
460cfc8b-4bd9-4cd1-9164-a5c3f7351ae9,SHOT_RENDER,1,USD,CREDITS,1,system,proj_ed5aeca0768441dcbc193c699a28f69c
46e43913-cf89-4728-a8f6-afa12f1ea4a0,SHOT_RENDER,1,USD,CREDITS,1,system,proj_ed5aeca0768441dcbc193c699a28f69c
46f43806-b375-4e8e-a2b6-94da74334777,SHOT_RENDER,1,USD,CREDITS,1,system,proj_ed5aeca0768441dcbc193c699a28f69c
4800551a-a5ed-4777-aaeb-c7c5d959f7a2,SHOT_RENDER,1,USD,CREDITS,1,system,proj_ed5aeca0768441dcbc193c699a28f69c
4813cc95-46ac-4704-bb1a-84ff9cdd15c0,SHOT_RENDER,1,USD,CREDITS,1,system,proj_ed5aeca0768441dcbc193c699a28f69c
483d9c00-bb5b-48ee-86ba-1dc18aa8e520,SHOT_RENDER,1,USD,CREDITS,1,system,proj_ed5aeca0768441dcbc193c699a28f69c
488aac70-4407-4f61-82f0-c928e9405a0e,SHOT_RENDER,1,USD,CREDITS,1,system,proj_ed5aeca0768441dcbc193c699a28f69c
489e5876-bd7c-4e16-a7b7-dd7edacab856,SHOT_RENDER,1,USD,CREDITS,1,system,proj_ed5aeca0768441dcbc193c699a28f69c
49456afa-0329-4b69-925f-b660c7ce9666,SHOT_RENDER,1,USD,CREDITS,1,system,proj_ed5aeca0768441dcbc193c699a28f69c
4946faa9-99ca-4250-ba2e-ba5979950cae,SHOT_RENDER,1,USD,CREDITS,1,system,proj_ed5aeca0768441dcbc193c699a28f69c
495a40d9-f70a-42a6-8ccb-d74da38273a5,SHOT_RENDER,1,USD,CREDITS,1,system,proj_0ab1007970d34fab8ff92b01d9277470
49d63d0f-2893-4905-bed7-e901e3b569ee,SHOT_RENDER,1,USD,CREDITS,1,system,proj_ed5aeca0768441dcbc193c699a28f69c
4cb6812f-b609-461d-8d81-f0b92f4a10d4,SHOT_RENDER,1,USD,CREDITS,1,system,proj_ed5aeca0768441dcbc193c699a28f69c
4d5db4ee-6bd9-4c33-bd3b-ec0090b31f4c,SHOT_RENDER,1,USD,CREDITS,1,system,proj_ed5aeca0768441dcbc193c699a28f69c
4ecf425b-859a-4976-bb47-ece2a1d61053,SHOT_RENDER,1,USD,CREDITS,1,system,proj_ed5aeca0768441dcbc193c699a28f69c
4f3dec99-6b1b-4605-9b40-9c2601d24657,SHOT_RENDER,1,USD,CREDITS,1,system,proj_ed5aeca0768441dcbc193c699a28f69c
50d8f972-66b0-4d30-a8d4-cd95481de7d3,SHOT_RENDER,1,USD,CREDITS,1,system,proj_ed5aeca0768441dcbc193c699a28f69c
50f5febf-6fdb-481f-b2b2-180ced920869,SHOT_RENDER,1,USD,CREDITS,1,system,proj_ed5aeca0768441dcbc193c699a28f69c
510241ff-77f2-4aa5-8503-e848a95fcd9a,SHOT_RENDER,1,USD,CREDITS,1,system,proj_ed5aeca0768441dcbc193c699a28f69c
5127b6ee-0230-4069-847c-1c76136b49bd,SHOT_RENDER,1,USD,CREDITS,1,system,proj_ed5aeca0768441dcbc193c699a28f69c
5247e08e-c6f4-4c8e-a7db-48e10f234f0f,SHOT_RENDER,1,USD,CREDITS,1,system,proj_ed5aeca0768441dcbc193c699a28f69c
526c3402-9831-47ab-9409-debf50201c77,SHOT_RENDER,1,USD,CREDITS,1,system,proj_ed5aeca0768441dcbc193c699a28f69c
52eb60fd-65c6-440c-8061-86cb263c40d1,SHOT_RENDER,1,USD,CREDITS,1,system,proj_ed5aeca0768441dcbc193c699a28f69c
5339a215-f813-41c7-bf1d-7ae402c512cf,SHOT_RENDER,1,USD,CREDITS,1,system,proj_ed5aeca0768441dcbc193c699a28f69c
545a27d8-3bf7-4152-99d7-4b52b9832805,SHOT_RENDER,1,USD,CREDITS,1,system,proj_ed5aeca0768441dcbc193c699a28f69c
54e09c8f-f386-44fa-a159-29059c8b97cf,SHOT_RENDER,1,USD,CREDITS,1,system,proj_ed5aeca0768441dcbc193c699a28f69c
56d84e1e-9966-4084-b3fe-a4623697032b,SHOT_RENDER,1,USD,CREDITS,1,system,proj_ed5aeca0768441dcbc193c699a28f69c
5745e271-072e-4b81-b71d-bd8d04446907,SHOT_RENDER,1,USD,CREDITS,1,system,proj_ed5aeca0768441dcbc193c699a28f69c
57c5924d-610d-4a60-867b-5fcdb1fc19c4,SHOT_RENDER,1,USD,CREDITS,1,system,proj_ed5aeca0768441dcbc193c699a28f69c
58c186ca-6269-4335-8217-583713eae08d,SHOT_RENDER,1,USD,CREDITS,1,system,proj_ed5aeca0768441dcbc193c699a28f69c
58e50c18-02ec-44dc-88bb-b625f8fb636a,SHOT_RENDER,1,USD,CREDITS,1,system,proj_ed5aeca0768441dcbc193c699a28f69c
58fc62da-5633-4183-aa95-713880c83465,SHOT_RENDER,1,USD,CREDITS,1,system,proj_ed5aeca0768441dcbc193c699a28f69c
59d491bd-6a8f-4b82-8c35-0cfa986a0893,SHOT_RENDER,1,USD,CREDITS,1,system,proj_ed5aeca0768441dcbc193c699a28f69c
59e02d05-3daf-4043-b45a-222b951703a7,SHOT_RENDER,1,USD,CREDITS,1,system,proj_ed5aeca0768441dcbc193c699a28f69c
5a438db5-ac29-4bef-89d7-cafc28091634,SHOT_RENDER,1,USD,CREDITS,1,system,proj_ed5aeca0768441dcbc193c699a28f69c
5a9c28a1-b0ef-4f05-9a7d-a45d3df5983e,SHOT_RENDER,1,USD,CREDITS,1,system,proj_ed5aeca0768441dcbc193c699a28f69c
5b1c7624-6d2b-4af5-9e6e-577abfb04985,SHOT_RENDER,1,USD,CREDITS,1,system,proj_ed5aeca0768441dcbc193c699a28f69c
5b65da3c-ce93-4f73-a4a1-010eea5d4692,SHOT_RENDER,1,USD,CREDITS,1,system,proj_ed5aeca0768441dcbc193c699a28f69c
5bd23ced-71c8-4b8a-99f5-19cdd2288802,SHOT_RENDER,1,USD,CREDITS,1,system,proj_ed5aeca0768441dcbc193c699a28f69c
5d940991-2b31-4021-b5a3-cc57120a7692,SHOT_RENDER,1,USD,CREDITS,1,system,proj_ed5aeca0768441dcbc193c699a28f69c
5e7286df-c51b-4c88-b2b0-02f5c2806328,SHOT_RENDER,1,USD,CREDITS,1,system,proj_ed5aeca0768441dcbc193c699a28f69c
5e96633a-5796-403a-9cf4-3666e9ff25b5,SHOT_RENDER,1,USD,CREDITS,1,system,proj_ed5aeca0768441dcbc193c699a28f69c
5f839108-fadc-4c16-b99a-4bd3c5febe74,SHOT_RENDER,1,USD,CREDITS,1,system,proj_ed5aeca0768441dcbc193c699a28f69c
5fedcaa1-38cd-409d-90bb-2a90fd107fad,SHOT_RENDER,1,USD,CREDITS,1,system,proj_ed5aeca0768441dcbc193c699a28f69c
605d2cc2-4708-4d1b-a479-0e6a4819331d,SHOT_RENDER,1,USD,CREDITS,1,system,proj_ed5aeca0768441dcbc193c699a28f69c
6107041f-6e79-4447-af24-0281dd9aa372,SHOT_RENDER,1,USD,CREDITS,1,system,proj_ed5aeca0768441dcbc193c699a28f69c
615442ee-6989-4be9-ad30-66db720fa598,SHOT_RENDER,1,USD,CREDITS,1,system,proj_ed5aeca0768441dcbc193c699a28f69c
626647e1-1ef4-490b-9518-edac005ac948,SHOT_RENDER,1,USD,CREDITS,1,system,proj_ed5aeca0768441dcbc193c699a28f69c
63303d04-a010-4d09-9047-5d0117123b85,SHOT_RENDER,1,USD,CREDITS,1,system,proj_ed5aeca0768441dcbc193c699a28f69c
63c9358a-dc8c-4ae9-87b2-f0019d915df1,SHOT_RENDER,1,USD,CREDITS,1,system,proj_ed5aeca0768441dcbc193c699a28f69c
65329007-23f9-48f7-8bf1-844a97873b2c,SHOT_RENDER,1,USD,CREDITS,1,system,proj_ed5aeca0768441dcbc193c699a28f69c
65956578-8530-4c98-b7c2-3616b0fb24b3,SHOT_RENDER,1,USD,CREDITS,1,system,proj_ed5aeca0768441dcbc193c699a28f69c
65eb180c-5712-4ca7-a7cc-fe03f180c920,SHOT_RENDER,1,USD,CREDITS,1,system,proj_ed5aeca0768441dcbc193c699a28f69c
66bba2b9-a6b0-4c17-af53-ae7284bd8fd2,SHOT_RENDER,1,USD,CREDITS,1,system,proj_ed5aeca0768441dcbc193c699a28f69c
66ca58f6-1d1a-4b71-a0f0-e15c2b5c8fa1,SHOT_RENDER,1,USD,CREDITS,1,system,proj_ed5aeca0768441dcbc193c699a28f69c
67722edb-5bd6-4eab-99e1-d4489b5cc8ce,SHOT_RENDER,1,USD,CREDITS,1,system,proj_ed5aeca0768441dcbc193c699a28f69c
67c49714-e76d-4b04-933f-1a92425db00f,SHOT_RENDER,1,USD,CREDITS,1,system,proj_ed5aeca0768441dcbc193c699a28f69c
68e3a16a-d312-47fc-a46d-e435969d72ad,SHOT_RENDER,1,USD,CREDITS,1,system,proj_ed5aeca0768441dcbc193c699a28f69c
68eadf01-5e66-497b-a6cc-244659589036,SHOT_RENDER,1,USD,CREDITS,1,system,proj_ed5aeca0768441dcbc193c699a28f69c
693a8371-2cb4-444a-afd8-8760b1541393,SHOT_RENDER,1,USD,CREDITS,1,system,proj_ed5aeca0768441dcbc193c699a28f69c
6a9141bc-ea4a-4bac-a053-dc015e93f754,SHOT_RENDER,1,USD,CREDITS,1,system,proj_ed5aeca0768441dcbc193c699a28f69c
6c5059f4-36cf-49eb-9e27-6afcf8266b70,SHOT_RENDER,1,USD,CREDITS,1,system,proj_ed5aeca0768441dcbc193c699a28f69c
6c5e849a-bede-4f0d-897c-c42840da3dc6,SHOT_RENDER,1,USD,CREDITS,1,system,proj_ed5aeca0768441dcbc193c699a28f69c
6d69cf86-802b-43d7-89a1-341df9cf381c,SHOT_RENDER,1,USD,CREDITS,1,system,proj_ed5aeca0768441dcbc193c699a28f69c
6dfb52d5-1e59-4f68-b036-8c4acf3600bc,SHOT_RENDER,1,USD,CREDITS,1,system,proj_ed5aeca0768441dcbc193c699a28f69c
6e17dc89-e1ce-42c8-b6ab-befdf484fe28,SHOT_RENDER,1,USD,CREDITS,1,system,proj_ed5aeca0768441dcbc193c699a28f69c
6f07feb7-c6a1-48d4-bea7-b1f143bb8017,SHOT_RENDER,1,USD,CREDITS,1,system,proj_ed5aeca0768441dcbc193c699a28f69c
70bc12e2-2bc8-4f1f-98d0-56040ca66fd3,SHOT_RENDER,1,USD,CREDITS,1,system,proj_ed5aeca0768441dcbc193c699a28f69c
72971d75-f324-415d-99f6-96d31b400039,SHOT_RENDER,1,USD,CREDITS,1,system,proj_ed5aeca0768441dcbc193c699a28f69c
7297f311-0e56-4a92-a2d8-7a253c452099,SHOT_RENDER,1,USD,CREDITS,1,system,proj_ed5aeca0768441dcbc193c699a28f69c
72ab4094-cc85-42c3-97e3-feb5cc053973,SHOT_RENDER,1,USD,CREDITS,1,system,proj_ed5aeca0768441dcbc193c699a28f69c
7443cb45-e502-44fd-a839-ef4d2eab3754,SHOT_RENDER,1,USD,CREDITS,1,system,proj_ed5aeca0768441dcbc193c699a28f69c
74a77b4e-ef66-46ab-9e54-56898458bec1,SHOT_RENDER,1,USD,CREDITS,1,system,proj_ed5aeca0768441dcbc193c699a28f69c
7532eb14-c454-40f0-96dd-c9b038fd15ad,SHOT_RENDER,1,USD,CREDITS,1,system,proj_ed5aeca0768441dcbc193c699a28f69c
7769921a-7359-4206-96f4-cdf6e0361cd6,SHOT_RENDER,1,USD,CREDITS,1,system,proj_ed5aeca0768441dcbc193c699a28f69c
78360abe-0e84-4355-a1df-00877c786918,SHOT_RENDER,1,USD,CREDITS,1,system,proj_ed5aeca0768441dcbc193c699a28f69c
7997058d-e190-4317-8b2f-562fda1fc4a8,SHOT_RENDER,1,USD,CREDITS,1,system,proj_ed5aeca0768441dcbc193c699a28f69c
79c53e4b-e053-469d-842f-571f76e2d4a3,SHOT_RENDER,1,USD,CREDITS,1,system,proj_9932f3c25e124b68aa27b1a59b38b0da
7ab9227b-18e1-48b3-85e5-f743f00d6a53,SHOT_RENDER,1,USD,CREDITS,1,system,proj_ed5aeca0768441dcbc193c699a28f69c
7ad88068-364d-4a6f-95b7-eca964f16b08,SHOT_RENDER,1,USD,CREDITS,1,system,proj_ed5aeca0768441dcbc193c699a28f69c
7c815c52-7d7b-4f69-adeb-f2305888d9b5,SHOT_RENDER,1,USD,CREDITS,1,system,proj_ed5aeca0768441dcbc193c699a28f69c
7d18f8a5-a5b0-4792-bf65-910cbffedf42,SHOT_RENDER,1,USD,CREDITS,1,system,proj_ed5aeca0768441dcbc193c699a28f69c
7f0022f7-f1b7-4723-97d7-8d5bbde93d91,SHOT_RENDER,1,USD,CREDITS,1,system,proj_ed5aeca0768441dcbc193c699a28f69c
7f3f23c4-0e1f-408b-bc60-b3de45d5c842,SHOT_RENDER,1,USD,CREDITS,1,system,proj_ed5aeca0768441dcbc193c699a28f69c
7fb82ff9-3803-4063-9d1b-528e0644bafc,SHOT_RENDER,1,USD,CREDITS,1,system,proj_ed5aeca0768441dcbc193c699a28f69c
801525ff-e5d8-4d76-8930-b16d3cb85f38,SHOT_RENDER,1,USD,CREDITS,1,system,proj_ed5aeca0768441dcbc193c699a28f69c
805c7cf4-86e8-4ab4-a502-f9cc0119bc50,SHOT_RENDER,1,USD,CREDITS,1,system,proj_ed5aeca0768441dcbc193c699a28f69c
80c60e21-b36b-4b18-8e6d-dba16df465a1,SHOT_RENDER,1,USD,CREDITS,1,system,proj_ed5aeca0768441dcbc193c699a28f69c
829d2635-41e2-4329-ac9f-c52ce31cfd82,SHOT_RENDER,1,USD,CREDITS,1,system,proj_ed5aeca0768441dcbc193c699a28f69c
82db8adc-05c7-4a76-85ec-d463da4dc486,SHOT_RENDER,1,USD,CREDITS,1,system,proj_ed5aeca0768441dcbc193c699a28f69c
8305d980-65b0-42a4-a260-310889fc442a,SHOT_RENDER,1,USD,CREDITS,1,system,proj_ed5aeca0768441dcbc193c699a28f69c
831f78ad-3745-4422-bc8b-f346712b22cf,SHOT_RENDER,1,USD,CREDITS,1,system,proj_ed5aeca0768441dcbc193c699a28f69c
83318f3c-3564-4e63-bd48-3b0a4d8e7365,SHOT_RENDER,1,USD,CREDITS,1,system,proj_ed5aeca0768441dcbc193c699a28f69c
834a6fec-2509-432f-8c82-5f667a1c2033,SHOT_RENDER,1,USD,CREDITS,1,system,proj_ed5aeca0768441dcbc193c699a28f69c
83f39f1e-d58b-4db0-b85f-23c229a6f4b3,SHOT_RENDER,1,USD,CREDITS,1,system,proj_ed5aeca0768441dcbc193c699a28f69c
840480d9-edf0-4ae7-a97e-d983f80229d0,SHOT_RENDER,1,USD,CREDITS,1,system,proj_ed5aeca0768441dcbc193c699a28f69c
84671578-9fb2-4eac-92c6-d932990ca29a,SHOT_RENDER,1,USD,CREDITS,1,system,proj_ed5aeca0768441dcbc193c699a28f69c
84e65629-fa6e-4100-b9db-7ae7e0f69048,SHOT_RENDER,1,USD,CREDITS,1,system,proj_ed5aeca0768441dcbc193c699a28f69c
84e78f30-dd98-4407-801b-cef089ad0dd3,SHOT_RENDER,1,USD,CREDITS,1,system,proj_ed5aeca0768441dcbc193c699a28f69c
86ab5973-1805-46d8-9216-0424d4cbe1d9,SHOT_RENDER,1,USD,CREDITS,1,system,proj_ed5aeca0768441dcbc193c699a28f69c
8704fc30-7b4e-4d5c-957c-4ae1c81a759f,SHOT_RENDER,1,USD,CREDITS,1,system,proj_ed5aeca0768441dcbc193c699a28f69c
87466cca-b1a6-44be-8c5f-09c7936b546a,SHOT_RENDER,1,USD,CREDITS,1,system,proj_ed5aeca0768441dcbc193c699a28f69c
87a1bf25-e17c-4063-b475-e25319a994d2,SHOT_RENDER,1,USD,CREDITS,1,system,proj_ed5aeca0768441dcbc193c699a28f69c
8879a280-69b3-40e5-9638-8bae1f4f5c32,SHOT_RENDER,1,USD,CREDITS,1,system,proj_ed5aeca0768441dcbc193c699a28f69c
88967b06-86dd-4f2f-a1b4-bc76b5dcaf9a,SHOT_RENDER,1,USD,CREDITS,1,system,proj_ed5aeca0768441dcbc193c699a28f69c
8966aedb-f22a-442f-8d4b-578e36c14586,SHOT_RENDER,1,USD,CREDITS,1,system,proj_ed5aeca0768441dcbc193c699a28f69c
897440d4-4a33-49de-b82e-6748aa0cde18,SHOT_RENDER,1,USD,CREDITS,1,system,proj_ed5aeca0768441dcbc193c699a28f69c
8a0fe5c9-bd11-4bf3-8adb-bfecdf03859b,SHOT_RENDER,1,USD,CREDITS,1,system,proj_ed5aeca0768441dcbc193c699a28f69c
8b0f73e5-8e75-4307-8b7d-7826c4810544,SHOT_RENDER,1,USD,CREDITS,1,system,proj_ed5aeca0768441dcbc193c699a28f69c
8c779588-1bf1-4291-9788-694365939b8e,SHOT_RENDER,1,USD,CREDITS,1,system,proj_ed5aeca0768441dcbc193c699a28f69c
8d087f78-d70b-49de-94da-bf8efc60d6df,SHOT_RENDER,1,USD,CREDITS,1,system,proj_ed5aeca0768441dcbc193c699a28f69c
8d3d9544-c393-4117-840c-7b261f6157e4,SHOT_RENDER,1,USD,CREDITS,1,system,proj_ed5aeca0768441dcbc193c699a28f69c
8d8ad951-0a94-43ca-be0f-86e84a1e78e5,SHOT_RENDER,1,USD,CREDITS,1,system,proj_ed5aeca0768441dcbc193c699a28f69c
8da148a9-c49e-4b90-b151-acc56b1d80c8,SHOT_RENDER,1,USD,CREDITS,1,system,proj_ed5aeca0768441dcbc193c699a28f69c
8e623e35-4160-455e-946a-3564df699586,SHOT_RENDER,1,USD,CREDITS,1,system,proj_ed5aeca0768441dcbc193c699a28f69c
8ec403f9-45d2-41fe-90ad-30f72d1c4528,SHOT_RENDER,1,USD,CREDITS,1,system,proj_ed5aeca0768441dcbc193c699a28f69c
8fb09dd9-95e8-4cf4-8ce2-45819363e3b8,SHOT_RENDER,1,USD,CREDITS,1,system,proj_ed5aeca0768441dcbc193c699a28f69c
8fb4164d-056f-4b89-8575-7f4b894a9124,SHOT_RENDER,1,USD,CREDITS,1,system,proj_ed5aeca0768441dcbc193c699a28f69c
92d5d03f-4c60-45a3-bfb7-ef8cd620c97b,SHOT_RENDER,1,USD,CREDITS,1,system,proj_ed5aeca0768441dcbc193c699a28f69c
939f7177-5257-446a-91b1-ede44df3f41a,SHOT_RENDER,1,USD,CREDITS,1,system,proj_ed5aeca0768441dcbc193c699a28f69c
93a9a96c-8ed1-4b65-996c-00e31a403230,SHOT_RENDER,1,USD,CREDITS,1,system,proj_ed5aeca0768441dcbc193c699a28f69c
947b69a6-9c0c-463f-a792-77f0c6c5f19a,SHOT_RENDER,1,USD,CREDITS,1,system,proj_ed5aeca0768441dcbc193c699a28f69c
94b0a0c5-2301-4224-a82d-bab6bd019218,SHOT_RENDER,1,USD,CREDITS,1,system,proj_ed5aeca0768441dcbc193c699a28f69c
94f6874e-ce1c-4694-b5f5-bbaae2204104,SHOT_RENDER,1,USD,CREDITS,1,system,proj_ed5aeca0768441dcbc193c699a28f69c
96a7cd5d-fd89-4329-8064-0916ca7ada2b,SHOT_RENDER,1,USD,CREDITS,1,system,proj_ed5aeca0768441dcbc193c699a28f69c
96ee171c-8abd-42ce-b0ff-b6c11d81e170,SHOT_RENDER,1,USD,CREDITS,1,system,proj_ed5aeca0768441dcbc193c699a28f69c
971c90ee-373d-4b1d-9356-c1267547ee6a,SHOT_RENDER,1,USD,CREDITS,1,system,proj_ed5aeca0768441dcbc193c699a28f69c
97e115b6-3eda-4286-b4e5-a01bc51a1e91,SHOT_RENDER,1,USD,CREDITS,1,system,proj_ed5aeca0768441dcbc193c699a28f69c
97f09218-676f-4d09-83fc-d8e88ece5e54,SHOT_RENDER,1,USD,CREDITS,1,system,proj_ed5aeca0768441dcbc193c699a28f69c
99641d8e-2335-4d11-a264-790fded4649f,SHOT_RENDER,1,USD,CREDITS,1,system,proj_ed5aeca0768441dcbc193c699a28f69c
99d7db45-7ce7-4971-bcab-6b32a0172dd8,SHOT_RENDER,1,USD,CREDITS,1,system,proj_ed5aeca0768441dcbc193c699a28f69c
9abef4ab-de5c-4b27-bedd-3f6def0df317,SHOT_RENDER,1,USD,CREDITS,1,system,proj_ed5aeca0768441dcbc193c699a28f69c
9bcbbd4a-1cf8-4a0b-98f6-c03c7a245a82,SHOT_RENDER,1,USD,CREDITS,1,system,proj_ed5aeca0768441dcbc193c699a28f69c
9d1a8623-e893-4742-bdec-985dc08d4986,SHOT_RENDER,1,USD,CREDITS,1,system,proj_ed5aeca0768441dcbc193c699a28f69c
9e291c0b-0450-46ee-9830-5fa6524e081c,SHOT_RENDER,1,USD,CREDITS,1,system,proj_ed5aeca0768441dcbc193c699a28f69c
9e88113e-cc63-4bdc-b476-425d134265b2,SHOT_RENDER,1,USD,CREDITS,1,system,proj_ed5aeca0768441dcbc193c699a28f69c
9ee1a0b6-6233-409b-80cd-6c4426bd60ec,SHOT_RENDER,1,USD,CREDITS,1,system,proj_ed5aeca0768441dcbc193c699a28f69c
9ef7ef90-73f9-4180-bf18-2ef57d2f37a3,SHOT_RENDER,1,USD,CREDITS,1,system,proj_ed5aeca0768441dcbc193c699a28f69c
a066acc7-5cad-4453-8221-3686ee804807,SHOT_RENDER,1,USD,CREDITS,1,system,proj_ed5aeca0768441dcbc193c699a28f69c
a0fa9db4-5fd9-4a75-b125-6dbeb6603be2,SHOT_RENDER,1,USD,CREDITS,1,system,proj_7327236e25fa4b519b254629eab512eb
a130e4ff-0b59-4f8f-a7f5-ffc95a890761,SHOT_RENDER,1,USD,CREDITS,1,system,proj_ed5aeca0768441dcbc193c699a28f69c
a2ac1b25-978a-436a-8062-a76ed2185f63,SHOT_RENDER,1,USD,CREDITS,1,system,proj_ed5aeca0768441dcbc193c699a28f69c
a2f6ba07-beb8-4f10-a68e-ee7dc60d9d0a,SHOT_RENDER,1,USD,CREDITS,1,system,proj_ed5aeca0768441dcbc193c699a28f69c
a315fb60-7be4-4691-975c-c92818723191,SHOT_RENDER,1,USD,CREDITS,1,system,proj_ed5aeca0768441dcbc193c699a28f69c
a49c9c1f-6c90-4e9c-984a-b8e808cf798c,SHOT_RENDER,1,USD,CREDITS,1,system,proj_96c3979e45a94deea5580e3d2f82eb4b
a4a64368-eb79-4e1d-884e-829ab23c3bb9,SHOT_RENDER,1,USD,CREDITS,1,system,proj_ed5aeca0768441dcbc193c699a28f69c
a4b1af9e-bcae-4e8a-8c09-cee94ac677e0,SHOT_RENDER,1,USD,CREDITS,1,system,proj_ed5aeca0768441dcbc193c699a28f69c
a4bebc82-61ae-4370-9dc8-8b22efab3368,SHOT_RENDER,1,USD,CREDITS,1,system,proj_ed5aeca0768441dcbc193c699a28f69c
a639ea1d-fddd-41d6-960a-08138877a7cf,SHOT_RENDER,1,USD,CREDITS,1,system,proj_ed5aeca0768441dcbc193c699a28f69c
a6600269-667a-4728-9439-ece0823ddaec,SHOT_RENDER,1,USD,CREDITS,1,system,proj_ed5aeca0768441dcbc193c699a28f69c
a6743dae-127b-4231-969b-abe96d0f1185,SHOT_RENDER,1,USD,CREDITS,1,system,proj_ed5aeca0768441dcbc193c699a28f69c
a70ac20c-3b78-42e4-a31f-e69e8d8475ce,SHOT_RENDER,1,USD,CREDITS,1,system,proj_ed5aeca0768441dcbc193c699a28f69c
a7f339c2-3604-48ec-b5ef-7dcdb7e45da2,SHOT_RENDER,1,USD,CREDITS,1,system,proj_ed5aeca0768441dcbc193c699a28f69c
a88b1fad-c211-42ad-bbce-31d18190b001,SHOT_RENDER,1,USD,CREDITS,1,system,proj_ed5aeca0768441dcbc193c699a28f69c
a9341fd4-4dbd-4238-863c-5a60003e415d,SHOT_RENDER,1,USD,CREDITS,1,system,proj_ed5aeca0768441dcbc193c699a28f69c
a9cbf7c0-6b14-4e1f-b779-ec1fab466f0a,SHOT_RENDER,1,USD,CREDITS,1,system,proj_ed5aeca0768441dcbc193c699a28f69c
a9d8f9a7-98d3-4eee-aaac-59a350085355,SHOT_RENDER,1,USD,CREDITS,1,system,proj_ed5aeca0768441dcbc193c699a28f69c
aac15f83-0297-4eb5-8600-c4508b15c5ce,SHOT_RENDER,1,USD,CREDITS,1,system,proj_ed5aeca0768441dcbc193c699a28f69c
ab47e284-818b-4379-90af-95d0e6bc85c2,SHOT_RENDER,1,USD,CREDITS,1,system,proj_ed5aeca0768441dcbc193c699a28f69c
ac26233a-6b57-4bcb-83c4-90de77cac8d9,SHOT_RENDER,1,USD,CREDITS,1,system,proj_ed5aeca0768441dcbc193c699a28f69c
acf6a33d-dbfc-45f5-9549-472f4e17f6ac,SHOT_RENDER,1,USD,CREDITS,1,system,proj_ed5aeca0768441dcbc193c699a28f69c
ad1fd7ec-7f1e-46e5-bf26-106915430a56,SHOT_RENDER,1,USD,CREDITS,1,system,proj_ed5aeca0768441dcbc193c699a28f69c
ad4c97fb-ab15-482c-b997-a0cd23030cc3,SHOT_RENDER,1,USD,CREDITS,1,system,proj_5f0c1dd8a572477f84e4227511e3ab40
ad6e4533-b809-40ba-a6e6-9781265b2098,SHOT_RENDER,1,USD,CREDITS,1,system,proj_ed5aeca0768441dcbc193c699a28f69c
ae68424f-73f2-48e7-8edc-4f572eab4d4b,SHOT_RENDER,1,USD,CREDITS,1,system,proj_ed5aeca0768441dcbc193c699a28f69c
aedf3fdf-cc00-42b4-a36c-d0f236400b2f,SHOT_RENDER,1,USD,CREDITS,1,system,proj_ed5aeca0768441dcbc193c699a28f69c
b0236a64-6c6e-4b2e-8783-c7fdcc92d1d1,SHOT_RENDER,1,USD,CREDITS,1,system,proj_ed5aeca0768441dcbc193c699a28f69c
b0285f2e-4594-4df0-8edc-fc0f84a8e240,SHOT_RENDER,1,USD,CREDITS,1,system,proj_ed5aeca0768441dcbc193c699a28f69c
b06d36e6-0e04-4275-96e0-b743bda07413,SHOT_RENDER,1,USD,CREDITS,1,system,proj_ed5aeca0768441dcbc193c699a28f69c
b1119468-f1e9-4f97-a311-cceab3ec2783,SHOT_RENDER,1,USD,CREDITS,1,system,proj_ed5aeca0768441dcbc193c699a28f69c
b221e523-a479-4c3a-a596-bf82d2ca1dc9,SHOT_RENDER,1,USD,CREDITS,1,system,proj_ed5aeca0768441dcbc193c699a28f69c
b22d2536-ec5d-4724-8195-401150acc740,SHOT_RENDER,1,USD,CREDITS,1,system,proj_ed5aeca0768441dcbc193c699a28f69c
b347d718-4ee7-49a9-b461-4733a15d1ba9,SHOT_RENDER,1,USD,CREDITS,1,system,proj_ed5aeca0768441dcbc193c699a28f69c
b34e5958-df0b-4de9-9aca-0a986be2ef8a,SHOT_RENDER,1,USD,CREDITS,1,system,proj_ed5aeca0768441dcbc193c699a28f69c
b3558255-e354-45ed-8083-d9fd6caef861,SHOT_RENDER,1,USD,CREDITS,1,system,proj_ed5aeca0768441dcbc193c699a28f69c
b3c83edb-54bc-47c7-992b-2685912830ee,SHOT_RENDER,1,USD,CREDITS,1,system,proj_ed5aeca0768441dcbc193c699a28f69c
b467872b-435c-450a-b8cb-a3174ed38c89,SHOT_RENDER,1,USD,CREDITS,1,system,proj_ed5aeca0768441dcbc193c699a28f69c
b5703f26-8a43-4f81-a6bc-2522ab144922,SHOT_RENDER,1,USD,CREDITS,1,system,proj_ed5aeca0768441dcbc193c699a28f69c
b5aac6a1-ca3a-468d-b16e-3b2a637ffdd7,SHOT_RENDER,1,USD,CREDITS,1,system,proj_ed5aeca0768441dcbc193c699a28f69c
b6839a09-57ba-4f59-a6b8-273e519c2005,SHOT_RENDER,1,USD,CREDITS,1,system,proj_ed5aeca0768441dcbc193c699a28f69c
b6d77ede-bf29-4581-af46-ba1be66b755d,SHOT_RENDER,1,USD,CREDITS,1,system,proj_ed5aeca0768441dcbc193c699a28f69c
b72baeb0-b98f-4a22-904e-079981793063,SHOT_RENDER,1,USD,CREDITS,1,system,proj_ed5aeca0768441dcbc193c699a28f69c
b7735739-513d-4868-8532-d8b35ffbc4f1,SHOT_RENDER,1,USD,CREDITS,1,system,proj_ed5aeca0768441dcbc193c699a28f69c
b7a85b86-afd6-49bb-9fdc-98c96ef4892e,SHOT_RENDER,1,USD,CREDITS,1,system,proj_3b270d406b37417a81246d37d4c3b4a4
b860770a-bfa5-4746-91c5-cde018472385,SHOT_RENDER,1,USD,CREDITS,1,system,proj_ed5aeca0768441dcbc193c699a28f69c
b900dd57-1997-4199-bcf3-79e97437abc7,SHOT_RENDER,1,USD,CREDITS,1,system,proj_ed5aeca0768441dcbc193c699a28f69c
b9230d65-290f-4a3b-aec8-ab42df833962,SHOT_RENDER,1,USD,CREDITS,1,system,proj_ed5aeca0768441dcbc193c699a28f69c
b96e2c5f-cc3f-409e-aade-a5b5f0a345fb,SHOT_RENDER,1,USD,CREDITS,1,system,proj_ed5aeca0768441dcbc193c699a28f69c
b9c569e7-02d1-48f7-81b7-7e8772c66ca7,SHOT_RENDER,1,USD,CREDITS,1,system,proj_ed5aeca0768441dcbc193c699a28f69c
ba60785d-4608-49bc-82d3-afef6d72886c,SHOT_RENDER,1,USD,CREDITS,1,system,proj_ed5aeca0768441dcbc193c699a28f69c
bafda35b-3474-44c6-b43e-c671cb1f778c,SHOT_RENDER,1,USD,CREDITS,1,system,proj_ed5aeca0768441dcbc193c699a28f69c
bb4ca583-44b4-479a-8a7d-d62c7753daa3,SHOT_RENDER,1,USD,CREDITS,1,system,proj_ed5aeca0768441dcbc193c699a28f69c
bcbc5187-1121-43d0-bbad-072c964c0377,SHOT_RENDER,1,USD,CREDITS,1,system,proj_ed5aeca0768441dcbc193c699a28f69c
bcd28b3a-ec60-4d61-8f59-c48dcaa45177,SHOT_RENDER,1,USD,CREDITS,1,system,proj_ed5aeca0768441dcbc193c699a28f69c
bcf65437-82da-450c-9762-4d75135207b9,SHOT_RENDER,1,USD,CREDITS,1,system,proj_ed5aeca0768441dcbc193c699a28f69c
bdc0d734-2c61-4c9f-960d-990fbaeaea24,SHOT_RENDER,1,USD,CREDITS,1,system,proj_ed5aeca0768441dcbc193c699a28f69c
beef7b91-7798-4289-a2ff-ab30511cdfc3,SHOT_RENDER,1,USD,CREDITS,1,system,proj_ed5aeca0768441dcbc193c699a28f69c
bf5f87ed-dbeb-44b7-af77-a234c0fc5063,SHOT_RENDER,1,USD,CREDITS,1,system,proj_ed5aeca0768441dcbc193c699a28f69c
c0ac7dd5-a55f-4905-98d0-6ab1a2d932fa,SHOT_RENDER,1,USD,CREDITS,1,system,proj_ed5aeca0768441dcbc193c699a28f69c
c1309287-8761-46ca-a65f-9d144b3a7a45,SHOT_RENDER,1,USD,CREDITS,1,system,proj_ed5aeca0768441dcbc193c699a28f69c
c1aa96c9-21f4-4416-b69e-61d848c1fd94,SHOT_RENDER,1,USD,CREDITS,1,system,proj_ed5aeca0768441dcbc193c699a28f69c
c2018a1c-b724-426d-912d-0e8038999762,SHOT_RENDER,1,USD,CREDITS,1,system,proj_ed5aeca0768441dcbc193c699a28f69c
c28bdd54-1ef9-44a6-825d-b3e50716841b,SHOT_RENDER,1,USD,CREDITS,1,system,proj_ed5aeca0768441dcbc193c699a28f69c
c3837f8d-a54b-4c80-b01c-1c35b74d57a6,SHOT_RENDER,1,USD,CREDITS,1,system,proj_ed5aeca0768441dcbc193c699a28f69c
c3f06714-79fa-4a36-8078-449bc5b7712e,SHOT_RENDER,1,USD,CREDITS,1,system,proj_ed5aeca0768441dcbc193c699a28f69c
c3f0a638-0caa-488c-9206-661ea3440986,SHOT_RENDER,1,USD,CREDITS,1,system,proj_ed5aeca0768441dcbc193c699a28f69c
c44866c8-e41b-4148-85d2-25efdaa7528b,SHOT_RENDER,1,USD,CREDITS,1,system,proj_ed5aeca0768441dcbc193c699a28f69c
c4586516-1b04-4cc6-8917-bef02c0376a4,SHOT_RENDER,1,USD,CREDITS,1,system,proj_ed5aeca0768441dcbc193c699a28f69c
c47068d4-c577-4cdc-831e-4963f84ef9a4,SHOT_RENDER,1,USD,CREDITS,1,system,proj_ed5aeca0768441dcbc193c699a28f69c
c4b9a8f3-7e75-47d4-830b-ec50cc6b7cc4,SHOT_RENDER,1,USD,CREDITS,1,system,proj_ed5aeca0768441dcbc193c699a28f69c
c51ee08b-354a-417a-9cb9-a3fdf66f3588,SHOT_RENDER,1,USD,CREDITS,1,system,proj_ed5aeca0768441dcbc193c699a28f69c
c6c85fe6-4fdb-4f20-b9ab-b4b3489f4831,SHOT_RENDER,1,USD,CREDITS,1,system,proj_ed5aeca0768441dcbc193c699a28f69c
c6da9ba8-b18c-4190-8f81-55809b39a891,SHOT_RENDER,1,USD,CREDITS,1,system,proj_ed5aeca0768441dcbc193c699a28f69c
c88f05bb-7d32-4dbd-91bd-c7c1158e7bf3,SHOT_RENDER,1,USD,CREDITS,1,system,proj_ed5aeca0768441dcbc193c699a28f69c
c8c291ec-0808-40d7-b91e-a4cbc547d760,SHOT_RENDER,1,USD,CREDITS,1,system,proj_ed5aeca0768441dcbc193c699a28f69c
cae625ca-4323-4ade-b65f-13438d39200b,SHOT_RENDER,1,USD,CREDITS,1,system,proj_ed5aeca0768441dcbc193c699a28f69c
cb08ee0c-820c-438e-a805-b11b770dbdd5,SHOT_RENDER,1,USD,CREDITS,1,system,proj_ed5aeca0768441dcbc193c699a28f69c
cb45179c-d055-42d6-bf4b-7b4fe8e083f3,SHOT_RENDER,1,USD,CREDITS,1,system,proj_ed5aeca0768441dcbc193c699a28f69c
cbc1bbf8-cf29-4c21-a0e0-eb00b65c0ecc,SHOT_RENDER,1,USD,CREDITS,1,system,proj_ed5aeca0768441dcbc193c699a28f69c
cc5b9ddc-c7f6-4cea-a4df-b11a5cc1aa66,SHOT_RENDER,1,USD,CREDITS,1,system,proj_ed5aeca0768441dcbc193c699a28f69c
cc61eb25-d5a8-4193-8757-bae10317d993,SHOT_RENDER,1,USD,CREDITS,1,system,proj_ed5aeca0768441dcbc193c699a28f69c
cc990a00-e116-4a1c-bcd2-c89c6ba3c1aa,SHOT_RENDER,1,USD,CREDITS,1,system,proj_ed5aeca0768441dcbc193c699a28f69c
ccf7808b-8324-45c4-ad73-0f4ffb9d2721,SHOT_RENDER,1,USD,CREDITS,1,system,proj_ed5aeca0768441dcbc193c699a28f69c
cdb34ee4-4b49-4d82-b9e1-35339a562f6a,SHOT_RENDER,1,USD,CREDITS,1,system,proj_ed5aeca0768441dcbc193c699a28f69c
ce4586e2-277b-4a24-8737-3b591c82343c,SHOT_RENDER,1,USD,CREDITS,1,system,proj_ed5aeca0768441dcbc193c699a28f69c
ceda198f-b1f3-4807-aeef-588bde32127b,SHOT_RENDER,1,USD,CREDITS,1,system,proj_ed5aeca0768441dcbc193c699a28f69c
cee2f977-a719-4956-860b-ffd9b7c82ca5,SHOT_RENDER,1,USD,CREDITS,1,system,proj_ed5aeca0768441dcbc193c699a28f69c
cee8a5e7-90f4-4695-b01b-79c32a35d170,SHOT_RENDER,1,USD,CREDITS,1,system,proj_ed5aeca0768441dcbc193c699a28f69c
cf428a11-5671-4253-84f7-c3ad02c89c11,SHOT_RENDER,1,USD,CREDITS,1,system,proj_ed5aeca0768441dcbc193c699a28f69c
d036e254-ecb9-45b1-a513-c0671ed5ac99,SHOT_RENDER,1,USD,CREDITS,1,system,proj_ed5aeca0768441dcbc193c699a28f69c
d03b3581-55bd-4883-879e-cdd6a83cea0c,SHOT_RENDER,1,USD,CREDITS,1,system,proj_ed5aeca0768441dcbc193c699a28f69c
d0481541-1ade-4784-a06a-879697f8f2e7,SHOT_RENDER,1,USD,CREDITS,1,system,proj_ed5aeca0768441dcbc193c699a28f69c
d094525d-88eb-403f-85ab-f0acfb07bff4,SHOT_RENDER,1,USD,CREDITS,1,system,proj_ed5aeca0768441dcbc193c699a28f69c
d0f10588-4751-45c0-acc9-4b39693a73d1,SHOT_RENDER,1,USD,CREDITS,1,system,proj_ed5aeca0768441dcbc193c699a28f69c
d171f86d-b3c5-4a4b-abec-713ffd25965b,SHOT_RENDER,1,USD,CREDITS,1,system,proj_ed5aeca0768441dcbc193c699a28f69c
d17a8c28-0b52-414d-822c-bf3355802f08,SHOT_RENDER,1,USD,CREDITS,1,system,proj_ed5aeca0768441dcbc193c699a28f69c
d181333d-58b7-474e-85a0-18c179b87ef6,SHOT_RENDER,1,USD,CREDITS,1,system,proj_ed5aeca0768441dcbc193c699a28f69c
d2638424-adf8-4066-944e-b8665cc760dd,SHOT_RENDER,1,USD,CREDITS,1,system,proj_ed5aeca0768441dcbc193c699a28f69c
d40f58b5-646f-49ba-b284-7a4f78c3958b,SHOT_RENDER,1,USD,CREDITS,1,system,proj_ed5aeca0768441dcbc193c699a28f69c
d468962a-247b-4add-9022-01e8bd4470e1,SHOT_RENDER,1,USD,CREDITS,1,system,proj_ed5aeca0768441dcbc193c699a28f69c
d49fd0e8-a10b-4b1e-8610-78a193a84b8d,SHOT_RENDER,1,USD,CREDITS,1,system,proj_ed5aeca0768441dcbc193c699a28f69c
d4b1b5e2-80b6-42c5-9381-28cc6ac78d77,SHOT_RENDER,1,USD,CREDITS,1,system,proj_ed5aeca0768441dcbc193c699a28f69c
d6d0f135-32e8-4fa8-a48d-a4accdb03df1,SHOT_RENDER,1,USD,CREDITS,1,system,proj_ed5aeca0768441dcbc193c699a28f69c
d7ad951e-526c-45db-8fcb-5fc1819a566b,SHOT_RENDER,1,USD,CREDITS,1,system,proj_ed5aeca0768441dcbc193c699a28f69c
d95beb1e-d353-4d45-bc3a-73ec2011cdd2,SHOT_RENDER,1,USD,CREDITS,1,system,proj_ed5aeca0768441dcbc193c699a28f69c
d9e0023b-4eb7-4be3-8b9c-928253c7d138,SHOT_RENDER,1,USD,CREDITS,1,system,proj_ed5aeca0768441dcbc193c699a28f69c
da52c4f5-241e-4a57-a059-91947f5cf2dc,SHOT_RENDER,1,USD,CREDITS,1,system,proj_ed5aeca0768441dcbc193c699a28f69c
da90f3df-6ab2-47ac-9302-ae9b95d231cd,SHOT_RENDER,1,USD,CREDITS,1,system,proj_ed5aeca0768441dcbc193c699a28f69c
db11bea1-9151-42eb-a5bf-9554efe6ad20,SHOT_RENDER,1,USD,CREDITS,1,system,proj_ed5aeca0768441dcbc193c699a28f69c
db674b75-780e-4335-a9c4-50d8d0594017,SHOT_RENDER,1,USD,CREDITS,1,system,proj_ed5aeca0768441dcbc193c699a28f69c
db6a80b7-2b92-438c-894e-c489806afb26,SHOT_RENDER,1,USD,CREDITS,1,system,proj_ed5aeca0768441dcbc193c699a28f69c
dba41d53-cc5b-4e00-ba25-cf7148aafc1e,SHOT_RENDER,1,USD,CREDITS,1,system,proj_ed5aeca0768441dcbc193c699a28f69c
dcc0a310-57dc-47df-a35d-0dda99b6954d,SHOT_RENDER,1,USD,CREDITS,1,system,proj_ed5aeca0768441dcbc193c699a28f69c
dccb9d62-46c0-4b42-9049-7a9a085bd3f4,SHOT_RENDER,1,USD,CREDITS,1,system,proj_ed5aeca0768441dcbc193c699a28f69c
dd184cfb-9b3d-4247-82a0-f39a8c8bb98c,SHOT_RENDER,1,USD,CREDITS,1,system,proj_ed5aeca0768441dcbc193c699a28f69c
dd3c9deb-44a5-40a6-922e-f89b96a492ca,SHOT_RENDER,1,USD,CREDITS,1,system,proj_ed5aeca0768441dcbc193c699a28f69c
de968bc9-ffeb-47a3-a7f6-c01e58464e54,SHOT_RENDER,1,USD,CREDITS,1,system,proj_ed5aeca0768441dcbc193c699a28f69c
dea9efdb-0b47-45c4-9ef2-388ea85a9494,SHOT_RENDER,1,USD,CREDITS,1,system,proj_ed5aeca0768441dcbc193c699a28f69c
dee65e5c-d15a-4433-8eee-76202feb3d66,SHOT_RENDER,1,USD,CREDITS,1,system,proj_ed5aeca0768441dcbc193c699a28f69c
df4d1dad-3f34-4e1b-bb81-d0196bc4b485,SHOT_RENDER,1,USD,CREDITS,1,system,proj_ed5aeca0768441dcbc193c699a28f69c
e02b7c88-5fb8-4c22-8059-67207037bdbb,SHOT_RENDER,1,USD,CREDITS,1,system,proj_ed5aeca0768441dcbc193c699a28f69c
e057799c-fbb9-4989-ab73-54103ad60097,SHOT_RENDER,1,USD,CREDITS,1,system,proj_ed5aeca0768441dcbc193c699a28f69c
e0b46a95-7c6c-4e15-ac95-873a05329b34,SHOT_RENDER,1,USD,CREDITS,1,system,proj_ed5aeca0768441dcbc193c699a28f69c
e0ddce43-8dc6-4afe-bb69-c5be06ea00d5,SHOT_RENDER,1,USD,CREDITS,1,system,proj_ed5aeca0768441dcbc193c699a28f69c
e124879c-4866-4fec-8985-92f4e1d67055,SHOT_RENDER,1,USD,CREDITS,1,system,proj_ed5aeca0768441dcbc193c699a28f69c
e13caac1-256d-4248-b858-154afb4922c0,SHOT_RENDER,1,USD,CREDITS,1,system,proj_ed5aeca0768441dcbc193c699a28f69c
e1cd1c9b-7630-4851-a556-47691457280d,SHOT_RENDER,1,USD,CREDITS,1,system,proj_ed5aeca0768441dcbc193c699a28f69c
e217885b-5b71-4c74-937f-9913bdce037c,SHOT_RENDER,1,USD,CREDITS,1,system,proj_ed5aeca0768441dcbc193c699a28f69c
e28f4228-bd05-4122-9177-d3925101b2b9,SHOT_RENDER,1,USD,CREDITS,1,system,proj_ed5aeca0768441dcbc193c699a28f69c
e2b20a52-ab64-41f9-ae6d-4d2332072f64,SHOT_RENDER,1,USD,CREDITS,1,system,proj_ed5aeca0768441dcbc193c699a28f69c
e2dd0b28-7383-4e9a-bb2a-27d7dc8db69d,SHOT_RENDER,1,USD,CREDITS,1,system,proj_ed5aeca0768441dcbc193c699a28f69c
e36991ef-9a89-404e-ae94-26ef3947744a,SHOT_RENDER,1,USD,CREDITS,1,system,proj_ed5aeca0768441dcbc193c699a28f69c
e3eba385-a570-4ee2-8fcb-53074a0f8540,SHOT_RENDER,1,USD,CREDITS,1,system,proj_ed5aeca0768441dcbc193c699a28f69c
e4b10fab-c319-4737-806a-c5919c29673b,SHOT_RENDER,1,USD,CREDITS,1,system,proj_ed5aeca0768441dcbc193c699a28f69c
e4d69d43-dda9-47c8-b1ce-0a43e06c532e,SHOT_RENDER,1,USD,CREDITS,1,system,proj_ed5aeca0768441dcbc193c699a28f69c
e4dc9c32-7f13-47ca-b555-281fba438e1d,SHOT_RENDER,1,USD,CREDITS,1,system,proj_ed5aeca0768441dcbc193c699a28f69c
e52be771-a2c7-4acb-a8cd-ba0921382680,SHOT_RENDER,1,USD,CREDITS,1,system,proj_ed5aeca0768441dcbc193c699a28f69c
e567535a-f670-4b43-976e-1ce31e7a09fb,SHOT_RENDER,1,USD,CREDITS,1,system,proj_ed5aeca0768441dcbc193c699a28f69c
e698b221-a5b4-4f41-a32d-ca153135ea01,SHOT_RENDER,1,USD,CREDITS,1,system,proj_ed5aeca0768441dcbc193c699a28f69c
e6b17998-114d-4177-a662-3225837e9d1a,SHOT_RENDER,1,USD,CREDITS,1,system,proj_ed5aeca0768441dcbc193c699a28f69c
e6b99c9f-733b-47f2-b99c-9021994c639e,SHOT_RENDER,1,USD,CREDITS,1,system,proj_ed5aeca0768441dcbc193c699a28f69c
e722c29f-db13-4964-9615-08498748698b,SHOT_RENDER,1,USD,CREDITS,1,system,proj_ed5aeca0768441dcbc193c699a28f69c
e731bcac-2348-483e-a4e7-ff61145882d4,SHOT_RENDER,1,USD,CREDITS,1,system,proj_ed5aeca0768441dcbc193c699a28f69c
e80a5acf-5b9a-4422-bc19-cb5c0f925581,SHOT_RENDER,1,USD,CREDITS,1,system,proj_ed5aeca0768441dcbc193c699a28f69c
e90ffaab-af18-449a-bd47-5b66918a0018,SHOT_RENDER,1,USD,CREDITS,1,system,proj_ed5aeca0768441dcbc193c699a28f69c
e9b7a115-03c8-4365-a6a6-1d38a12e33ea,SHOT_RENDER,1,USD,CREDITS,1,system,proj_ed5aeca0768441dcbc193c699a28f69c
ea2aaef6-792a-4b26-940d-00e7ab226ead,SHOT_RENDER,1,USD,CREDITS,1,system,proj_ed5aeca0768441dcbc193c699a28f69c
ebd0b569-aa4a-462b-814e-57b71c5d46e9,SHOT_RENDER,1,USD,CREDITS,1,system,proj_ed5aeca0768441dcbc193c699a28f69c
ed29ca2e-bcb8-4ea0-b68d-1d9773bc41a4,SHOT_RENDER,1,USD,CREDITS,1,system,proj_ed5aeca0768441dcbc193c699a28f69c
ed782703-3a0b-4588-806d-66909340f355,SHOT_RENDER,1,USD,CREDITS,1,system,proj_ed5aeca0768441dcbc193c699a28f69c
efeaa117-50d9-43d6-bdab-4745cfa7246e,SHOT_RENDER,1,USD,CREDITS,1,system,proj_ed5aeca0768441dcbc193c699a28f69c
f0221f9f-4443-426c-badf-09fb8f99a6ab,SHOT_RENDER,1,USD,CREDITS,1,system,proj_ed5aeca0768441dcbc193c699a28f69c
f05ccc79-3276-42ff-929d-c509a690a1eb,SHOT_RENDER,1,USD,CREDITS,1,system,proj_ed5aeca0768441dcbc193c699a28f69c
f0f59ddf-67c9-4748-9bbc-ea544edc26c8,SHOT_RENDER,1,USD,CREDITS,1,system,proj_ed5aeca0768441dcbc193c699a28f69c
f13d88bd-4ef4-499f-9da6-08fee573d6c7,SHOT_RENDER,1,USD,CREDITS,1,system,proj_ed5aeca0768441dcbc193c699a28f69c
f1b3dfc3-5679-4641-a96c-f7055fcebd19,SHOT_RENDER,1,USD,CREDITS,1,system,proj_ed5aeca0768441dcbc193c699a28f69c
f26c0a17-f215-4494-a2b8-b0a3a74e3a04,SHOT_RENDER,1,USD,CREDITS,1,system,proj_ed5aeca0768441dcbc193c699a28f69c
f2f62a9d-56f6-42c8-a35b-26f605be6380,SHOT_RENDER,1,USD,CREDITS,1,system,proj_ed5aeca0768441dcbc193c699a28f69c
f30a94bf-8bf8-4015-af11-39b39b78e5f1,SHOT_RENDER,1,USD,CREDITS,1,system,proj_ed5aeca0768441dcbc193c699a28f69c
f344d7aa-c1c2-4e43-929f-adcf321fbc58,SHOT_RENDER,1,USD,CREDITS,1,system,proj_ed5aeca0768441dcbc193c699a28f69c
f4aa287d-5e36-4d11-beaf-2d90bc84797e,SHOT_RENDER,1,USD,CREDITS,1,system,proj_ed5aeca0768441dcbc193c699a28f69c
f515b3a3-f647-4f96-8648-a18859c5bb8f,SHOT_RENDER,1,USD,CREDITS,1,system,proj_ed5aeca0768441dcbc193c699a28f69c
f539e262-3990-4d94-a5bb-013e371059f1,SHOT_RENDER,1,USD,CREDITS,1,system,proj_ed5aeca0768441dcbc193c699a28f69c
f55da95c-6c71-4456-915f-952b02838678,SHOT_RENDER,1,USD,CREDITS,1,system,proj_ed5aeca0768441dcbc193c699a28f69c
f63167e9-191b-48d1-bf62-a9b99bfb7ab1,SHOT_RENDER,1,USD,CREDITS,1,system,proj_ed5aeca0768441dcbc193c699a28f69c
f6ae505c-3cbc-4649-ba5e-fa027f71a459,SHOT_RENDER,1,USD,CREDITS,1,system,proj_ed5aeca0768441dcbc193c699a28f69c
f753557f-613d-478a-9dce-386a6406d150,SHOT_RENDER,1,USD,CREDITS,1,system,proj_ed5aeca0768441dcbc193c699a28f69c
f7ee3956-c3ad-40ea-98af-35910affeb87,SHOT_RENDER,1,USD,CREDITS,1,system,proj_ed5aeca0768441dcbc193c699a28f69c
f864db1a-be4e-4802-b49b-905146bea6aa,SHOT_RENDER,1,USD,CREDITS,1,system,proj_ed5aeca0768441dcbc193c699a28f69c
f86cd47d-b40f-44ad-a590-0fca9c424df7,SHOT_RENDER,1,USD,CREDITS,1,system,proj_ed5aeca0768441dcbc193c699a28f69c
f8ebaf92-902d-4740-8586-4690c655f620,SHOT_RENDER,1,USD,CREDITS,1,system,proj_ed5aeca0768441dcbc193c699a28f69c
f8f720c2-154b-4e03-9c92-e23f01370cf4,SHOT_RENDER,1,USD,CREDITS,1,system,proj_ed5aeca0768441dcbc193c699a28f69c
f93ad67c-dfe8-428e-99ea-5925021574ed,SHOT_RENDER,1,USD,CREDITS,1,system,proj_ed5aeca0768441dcbc193c699a28f69c
f94795ca-5408-4eee-a7a3-d96b359fb6c4,SHOT_RENDER,1,USD,CREDITS,1,system,proj_ed5aeca0768441dcbc193c699a28f69c
f9a6f1f1-8319-4ce4-9468-7b8bed6b8823,SHOT_RENDER,1,USD,CREDITS,1,system,proj_ed5aeca0768441dcbc193c699a28f69c
f9c50bcc-8499-41fc-a721-250a69107fda,SHOT_RENDER,1,USD,CREDITS,1,system,proj_ed5aeca0768441dcbc193c699a28f69c
f9c5893a-a0f3-4c85-ac98-d60c742f46b2,SHOT_RENDER,1,USD,CREDITS,1,system,proj_ed5aeca0768441dcbc193c699a28f69c
fa29575f-8f36-40ed-831c-9baf6cee65f2,SHOT_RENDER,1,USD,CREDITS,1,system,proj_ed5aeca0768441dcbc193c699a28f69c
fa4dd82d-a350-413e-8837-0ce738640053,SHOT_RENDER,1,USD,CREDITS,1,system,proj_ed5aeca0768441dcbc193c699a28f69c
faf94a75-eeb7-4722-8d90-daa6de76c428,SHOT_RENDER,1,USD,CREDITS,1,system,proj_ed5aeca0768441dcbc193c699a28f69c
fb7a2146-78f5-4aec-b099-5a65b06db9e9,SHOT_RENDER,1,USD,CREDITS,1,system,proj_62b3c4643f91400493681a5dfe9e7a92
fb9be973-81b3-4582-9036-5c989417aef6,SHOT_RENDER,1,USD,CREDITS,1,system,proj_ed5aeca0768441dcbc193c699a28f69c
fbacf146-4d36-4435-adbf-25de55c60183,SHOT_RENDER,1,USD,CREDITS,1,system,proj_ed5aeca0768441dcbc193c699a28f69c
fc021318-a335-47c2-8390-6519e41cd8aa,SHOT_RENDER,1,USD,CREDITS,1,system,proj_ed5aeca0768441dcbc193c699a28f69c
fc57b1b4-91c8-4847-be88-d3ddb2834a06,SHOT_RENDER,1,USD,CREDITS,1,system,proj_ed5aeca0768441dcbc193c699a28f69c
fc9bf65f-e9a7-4ebf-8020-7b9064cd7ae0,SHOT_RENDER,1,USD,CREDITS,1,system,proj_ed5aeca0768441dcbc193c699a28f69c
fca4f494-1586-44aa-b9b6-f7af47a9c0e0,SHOT_RENDER,1,USD,CREDITS,1,system,proj_ed5aeca0768441dcbc193c699a28f69c
fd04741b-9651-4d5e-b5f5-d40be67467d3,SHOT_RENDER,1,USD,CREDITS,1,system,proj_ed5aeca0768441dcbc193c699a28f69c
fd223ee8-a74d-4d60-a147-83f4df6d746e,SHOT_RENDER,1,USD,CREDITS,1,system,proj_ed5aeca0768441dcbc193c699a28f69c
fd37be59-83a5-4884-8bbd-8207230763a6,SHOT_RENDER,1,USD,CREDITS,1,system,proj_ed5aeca0768441dcbc193c699a28f69c
fd384ae5-9987-4781-84d8-7a50be70d409,SHOT_RENDER,1,USD,CREDITS,1,system,proj_ed5aeca0768441dcbc193c699a28f69c
fd841361-65c6-46ef-be55-2fbff6922a4b,SHOT_RENDER,1,USD,CREDITS,1,system,proj_ed5aeca0768441dcbc193c699a28f69c
fd89e90f-2c90-4df2-9cf3-97a728d6e201,SHOT_RENDER,1,USD,CREDITS,1,system,proj_ed5aeca0768441dcbc193c699a28f69c
fd9f59df-8dfe-4ab7-a606-e1c6000b1df6,SHOT_RENDER,1,USD,CREDITS,1,system,proj_ed5aeca0768441dcbc193c699a28f69c
fde85e73-6a97-4c46-8252-31b4a49e4cc0,SHOT_RENDER,1,USD,CREDITS,1,system,proj_ed5aeca0768441dcbc193c699a28f69c
fe858622-83d3-409c-93e2-1f3a5619cfde,SHOT_RENDER,1,USD,CREDITS,1,system,proj_ed5aeca0768441dcbc193c699a28f69c
fefcb184-d630-4d38-8513-6f062a81facc,SHOT_RENDER,1,USD,CREDITS,1,system,proj_ed5aeca0768441dcbc193c699a28f69c
ff6b7379-8d73-49af-9c68-909ea4079383,SHOT_RENDER,1,USD,CREDITS,1,system,proj_ed5aeca0768441dcbc193c699a28f69c
ffe9600f-a136-4e68-ab5a-11eea4c87729,SHOT_RENDER,1,USD,CREDITS,1,system,proj_ed5aeca0768441dcbc193c699a28f69c
0f6ce338-a252-44e5-a385-a450b3d52da2,VIDEO_RENDER,10,USD,CREDITS,1,system,proj_7db43f76ee9f439c82450fe4466f969f
170b9d7d-8400-43a1-ada4-7c873a63711e,VIDEO_RENDER,10,USD,CREDITS,1,system,proj_96c3979e45a94deea5580e3d2f82eb4b
4361e734-d160-4f6a-bd64-836526481d2d,VIDEO_RENDER,10,USD,CREDITS,1,system,proj_3b270d406b37417a81246d37d4c3b4a4
5945df7d-0574-4d99-aa7d-08dd9bde0472,VIDEO_RENDER,10,USD,CREDITS,1,system,proj_4523de8afaf94800b31bba4bf6d23469
6a4ecdc5-1955-423b-a323-74f06c72fce5,VIDEO_RENDER,10,USD,CREDITS,1,system,proj_0ab1007970d34fab8ff92b01d9277470
97264993-e005-440a-80f5-a7337c323322,VIDEO_RENDER,10,USD,CREDITS,1,system,proj_5f0c1dd8a572477f84e4227511e3ab40
bd46ad3f-04e5-4eef-8399-da9ffefd7c9e,VIDEO_RENDER,10,USD,CREDITS,1,system,proj_9932f3c25e124b68aa27b1a59b38b0da
f3484e4b-69e0-477e-88bf-47addae23ddf,VIDEO_RENDER,10,USD,CREDITS,1,system,proj_7327236e25fa4b519b254629eab512eb
f3e8ffcf-8f2c-4c5a-88d3-369d5154d4bb,VIDEO_RENDER,10,USD,CREDITS,1,system,proj_62b3c4643f91400493681a5dfe9e7a92
