Task,1
_prisma_migrations,1
analysis_chapters,1
analysis_characters,1
analysis_world_settings,1
api_keys,1
asset_skus,1
assets,1
audit_log,1
audit_logs,1
billing_events,1
billing_ledgers,1
billing_plans,1
billing_records,1
billing_statements,1
budget_window_states,1
budgets,1
cache_profiler,1
ce06_ledger_costs,1
ce06_ledger_invoice_links,1
ce06_ledger_quality,1
ce06_ledger_runs,1
ce06_ledger_sla,1
characters,1
cost_centers,1
cost_ledger,1
cost_ledgers,1
credit_ledgers,1
credit_wallets,1
engine_tasks,1
engine_versions,1
engines,1
episodes,1
invoices,1
job_engine_bindings,1
memberships,1
memory_long_term,1
memory_short_term,1
memory_update_logs,1
model_registry,1
models,1
nonce_store,1
novel_analyses,1
novel_analysis_jobs,1
novel_chapters,1
novel_chunks,1
novel_insight_snapshots,1
novel_parse_results,1
novel_scenes,1
novel_sources,1
novel_volumes,1
organization_members,1
organizations,1
parse_blocks,1
permissions,1
plan_quotas,1
plans,1
project_members,1
project_plans,1
projects,1
publishing_reviews,1
quality_metrics,1
quality_scores,1
role_permissions,1
roles,1
safety_results,1
scene_drafts,1
scenes,1
seasons,1
security_fingerprints,1
semantic_enhancements,1
settlement_snapshots,1
shot_jobs,1
shot_plannings,1
shot_variants,1
shots,1
skus,1
structure_quality_reports,1
subscriptions,1
system_settings,1
telemetry_records,1
template_presets,1
text_safety_results,1
users,1
video_jobs,1
worker_heartbeats,1
worker_jobs,1
worker_nodes,1
